utm_x,utm_y
999.8811328738788,1999.962618640297
999.4763712577831,1999.8965422966137
999.8092933993677,2000.3833369752579
999.5588877920817,2000.2391270220935
999.405175198766,2000.192574531577
999.2104323728472,1999.9631310825548
999.5011616363278,1999.794246408746
999.1721162488575,1999.9083073598658
999.1157267901301,2000.1345217505586
999.4930761492199,2000.1921810907338
998.9739256524362,2000.089028345198
999.1960739124347,2000.0939840685526
998.8617986178766,2000.6632061634207
998.979220594391,2000.2450747005319
998.9733574606548,2000.2699079808867
999.1115061579591,2000.8458200002442
998.7449757848001,2001.0096425530498
998.6331732944141,2001.2344005067177
998.4163280857966,2001.0534091350492
998.2881429090137,2000.6235782046595
998.0555830302997,2000.8121788152855
998.6812638740618,2000.3606564061442
999.0824170729254,2001.041929227791
998.6510775607154,2001.3054006778111
999.0847534991751,2001.008669307089
999.1736778952229,2001.3087542184053
998.7884574899354,2000.9029710212485
999.0382745944955,2000.6524383612348
999.3628939598632,2001.2123154322692
999.3540907624567,2001.2304321746265
999.3206825890179,2000.731270538841
999.4217422849747,2000.796624101764
999.6012220153175,2000.4827006359421
999.7738016122798,2000.6121659449052
1000.3065559336486,2000.713910240376
1000.4750103476358,2000.8376982707232
1000.3405955718171,2000.977040150956
1000.7738133659674,2001.2100605545197
1000.9125377421516,2000.7321163018678
1000.8122930018449,2000.258624306936
1001.2688506425715,1999.6113673145392
1001.5705113424544,1999.6171499568272
1001.4527260414894,2000.1561309268325
1001.7344607710844,1999.8672253498246
1001.7727088934217,1999.928421125004
1001.802442322495,1999.5891960111937
1002.1322476275363,1999.4189649094408
1002.2428371953592,1999.6457573253026
1002.239642681209,1999.4772091448172
1002.0307641538551,1999.057665349135
1002.2997384629551,1998.719985367269
1002.0935194934199,1998.2168898013779
1002.2483163973149,1998.1297978441178
1002.2408870248802,1997.8187551336787
1002.346180337037,1997.4555080087919
1002.3452130990872,1997.5426616060063
1002.6036197868134,1997.4116820880795
1002.2004125754589,1997.3463062970818
1002.1355034625736,1997.3579723994756
1002.4768886564616,1997.312661670037
1002.3944180881687,1996.959784868552
1002.4756669507132,1996.8556046680171
1002.6915641418831,1996.7132755489865
1003.1210295952208,1996.0978842649974
1003.5213091103867,1995.8841941862956
1003.5464900041932,1996.154923029408
1003.3872556397168,1996.400111901642
1003.6111528497509,1996.8178873263284
1003.1818344328881,1996.7900437586522
1003.5528421932789,1996.309170700655
1003.8590537620169,1996.603110085073
1003.8609226304357,1996.6242042143479
1003.7271866227188,1996.5126719644857
1003.4978723087603,1997.0494610166693
1003.9483221815236,1997.601564089538
1003.7460671872734,1997.3890735989157
1004.3173628083773,1997.6884298045136
1004.2010573671516,1997.7571169742703
1004.637377421588,1997.3924220466952
1004.832752869177,1997.933509394998
1005.5048558972541,1998.2581562671332
1005.4564392565,1998.4062531712311
1005.3853906335788,1997.9878482718568
1004.8531348115196,1998.1395798306123
1004.9535470937586,1998.6850508728708
1005.2168226295016,1999.1940621539181
1005.2741047172492,1999.3985509650493
1005.4546138146501,1999.7681098336866
1004.9898215201856,1999.6527079522568
1005.3274490224532,1999.4889334882964
1004.9848558396596,2000.172271877264
1005.0042708571374,1999.8582276776947
1004.8192491745101,1999.9692716225186
1005.3237561923062,2000.5471609877031
1005.371920045069,2000.8362649241944
1005.0413580299565,2001.3007475193303
1005.1760340709569,2000.848236251333
1004.9622496431916,2000.6437517339737
1005.421569032509,2000.236093876326
1005.6610544056603,2000.3626860290617
1005.7184024317125,2000.6178958236983
1005.2239103637097,2000.4076794440527
1005.0549196574871,2000.1157926563685
1005.0104397512754,2000.387194164026
1004.8853176573875,2000.940221085062
1005.1725851756725,2001.0638016966025
1005.2392196654138,2000.9851479286033
1005.1276402662645,2000.7820916228213
1004.9090259172091,2000.9539465371852
1004.728103758719,2001.3772074891333
1004.7154027164413,2000.8778732305109
1005.2728738245814,2001.2022723979478
1005.6269455447472,2001.3877052224975
1005.9025486260791,2001.7284556708323
1005.9004039684868,2001.7584583527178
1005.4111215643353,2001.3220229151518
1005.6711446008843,2001.2828845701592
1005.0915388379887,2001.68311757157
1004.7607965006712,2001.453458822837
1004.8369101825216,2001.5546557124162
1005.3306117014733,2001.2759888173239
1005.3082592068984,2001.166858503987
1005.3989312567488,2001.0915095605187
1005.2824659036717,2000.664743856817
1005.532061189379,2001.3037841773435
1005.70589495549,2001.3354376176235
1005.8386444510221,2000.9917365365084
1005.2790780347914,2000.6355936851244
1004.9311193439855,2000.4998744801098
1004.9334822022171,2001.0682685906372
1005.2177311294166,2001.2551197032437
1005.6635548872802,2001.0452839844095
1005.8822455300952,2001.3768856420534
1005.7811687029721,2000.8726218215256
1005.6509398353015,2001.2533814432722
1005.3574091039068,2000.7458024443913
1005.3309664588982,2000.9385207702867
1004.6205096237368,2000.61158561737
1005.346219299945,2000.8149143009437
1005.2665136450548,2001.5631946123863
1005.5990448552678,2000.9473178127544
1005.2827340586863,2000.759689081609
1005.6889035021495,2000.7922005607525
1005.0178554474812,2001.1832147543055
1005.2324578906481,2001.0016851329954
1004.7480638510303,2000.5473833250915
1005.0267450172031,2000.1570772963785
1005.3880810147647,1999.6602281173366
1004.9919558607328,1999.2380768053306
1004.6112851018164,1999.781450774325
1004.8635754377893,1999.4249345601397
1004.6002022402831,1999.9291104293484
1004.4725547590868,1999.9219334939266
1004.3105438321738,1999.7573317286708
1003.9147151940033,1999.87659969453
1003.9450358495079,2000.2706091288612
1004.0913006361187,2000.0269761296038
1004.5257523102647,2000.260889817703
1004.0663260637524,1999.8076525168176
1003.8950786118063,1999.6660924352047
1004.044441057656,1999.7071362208774
1004.4681494942733,1999.8047589972812
1004.4840537791292,1999.751678146819
1004.5718914151288,1999.5895057557643
1004.7595390101037,1999.7905219491831
1005.0217009836533,2000.0383666910227
1005.2495196641007,2000.3267225831282
1005.6233142255038,2000.161139481223
1005.2439845041393,1999.8384328636098
1005.5385689997622,2000.0066332446647
1005.3688399107164,2000.3687250232963
1005.0334616497681,1999.8481103101335
1005.2214248315461,1999.9775022785068
1004.7372754462818,1999.9582226668613
1004.7104009841415,2000.2182216215353
1005.120011961656,1999.9619840780867
1004.902534795715,2000.2521800999461
1004.6704866958879,2000.2184953278093
1004.6365128061325,2000.1302478347402
1004.4431961810858,2000.1521057466732
1004.7312827780206,2000.053425295397
1004.719991286472,2000.1524224092714
1005.013170838338,2000.6505272338827
1004.9850838847506,2000.4890145486577
1004.624714622793,2000.589574919299
1004.4768877952507,2000.3961036515027
1004.0174211387232,2000.0925768705822
1004.4429938868778,2000.6326690023823
1004.1604704775493,2000.3123199124132
1004.1030481588505,2000.0196010991576
1003.7944883023812,2000.2777518379387
1003.7401256787226,2000.0888142031129
1004.2861831584285,1999.825244365164
1004.277436225858,1999.9491372591833
1003.9682538973077,1999.941164342096
1004.117562700477,1999.493203948358
1004.671115574147,1999.3625383442559
1004.4312093177883,1998.97714797142
1004.3648744405708,1999.41424241171
1004.7925260763344,1999.2417646119443
1004.9907516135405,1999.5075037945405
1005.3263910119982,1999.9132591082775
1005.2444409262274,1999.4741592578328
1005.0657313798814,1999.1483001458378
1004.6437652908174,1998.93051874351
1004.7729967820735,1999.263334864715
1004.6596060822425,1999.3505055611017
1004.5401029275154,1999.3751683126684
1003.985853532684,1999.7561162085474
1003.9514245944758,1999.2424546850737
1003.6692750820881,1998.7870073497602
1003.752798796866,1999.1620627722245
1003.3258895931709,1999.0886051870066
1003.6308277310678,1998.6437474130557
1003.2582737952248,1999.2985445289894
1003.1695529390455,1999.0783697862837
1003.523508880943,1999.074638702183
1003.5281117007111,1999.1841266064657
1003.3469457314771,1999.4706589889065
1004.1324858575931,1999.6599946819517
1003.8836038123432,1999.8202779160001
1003.5127054925512,1999.1144144439622
1003.2227682408668,1998.7574591731216
1003.5111315442537,1999.0269920314515
1004.0913060139341,1998.811911633739
1004.495442380308,1999.1080198276907
1004.9843907825348,1998.6095548629487
1005.205648267241,1998.6195957976477
1005.6963569134392,1999.0236483423257
1005.1280692833793,1998.9160366932772
1005.0543164540744,1999.155030542635
1005.1063222539221,1998.8460970903598
1005.0819552849175,1999.160031338624
1005.0551042185393,1999.6428523898228
1005.0355774738215,1999.7600449919116
1004.9923045477622,1999.7204601514873
1005.2980543002923,2000.2570600668716
1005.4546439917315,2000.2318653001232
1004.9758316159313,2000.06004352983
1004.5447740191308,2000.1080081776252
1004.6741156419114,2000.2377193170028
1004.183838383654,1999.9725366512357
1003.9936703421303,1999.9678394791442
1004.2564820083697,1999.6427300751307
1004.1041472273658,1999.5644741086433
1004.2561229916325,1999.7747401546715
1004.8146035367508,1999.5271381830746
1004.2746268548387,1999.2370455745936
1004.5646668920358,1999.348598833985
1004.6713918886834,1999.6559653901256
1005.2125059463857,1999.189264299834
1005.269043325215,1999.1416090846446
1005.3442992409224,1999.6048922405166
1004.9041730362547,1999.1760950607484
1004.7051782093429,1999.126628653828
1004.1983755378446,1999.1730781946032
1004.6411248862514,1999.026470515044
1005.2427632953463,1999.6728599655073
1004.8288931414907,1999.4782635550393
1005.0757752430134,1999.9408716999021
1005.3303998381734,1999.155896495643
1005.060901314889,1998.6550496049704
1005.323882573812,1998.5239488409056
1005.2269542734274,1998.9133547413242
1005.5089562612064,1998.978393176954
1005.2515266720955,1999.194771412664
1005.4309503931368,1999.5330875635007
1004.936960551401,1999.8743840439913
1005.4848854422899,2000.2061088003807
1005.5989117345964,2000.2154025047776
1005.096852547203,2000.6826953865084
1005.3555361653871,2000.0422499701315
1005.9589130933775,1999.5620746976751
1006.1515618818631,1999.7057925243791
1006.0099665996844,1999.9269611425557
1006.5642764064573,2000.133091625186
1007.0169797901708,2000.3156884828193
1007.0413975205834,2000.7011817337354
1007.3117741805521,2001.3342181669952
1007.4320946107503,2001.0977945040047
1007.4840837608249,2000.8715719829456
1007.2593750813244,2000.6120651272822
1006.9096055398294,2000.6402516104179
1006.856971300035,2000.2155653069312
1007.2457042153137,2000.226559392875
1007.3739447453586,1999.6020235991293
1007.2334346225285,1999.3638009807373
1007.2812667283674,1999.8727076660587
1007.0040266832079,2000.012930427647
1007.059762582561,1999.4245336933047
1007.0779465374952,2000.002317659736
1007.1899803109045,1999.762955183747
1007.375346583457,2000.1587867040896
1007.1309168042429,2000.4448189768107
1007.7860251849273,2001.1577910788953
1008.1164509059082,2000.901508159092
1007.9816806728435,2001.0977246825723
1007.9048586300802,2001.107526394181
1007.896081704818,2001.3188002360473
1008.4360323218343,2001.4003938590984
1008.4961320875119,2001.6388203636432
1008.0553855642243,2001.7233284119006
1008.0982797905235,2001.8122734703627
1007.6404948687687,2001.5298668760156
1007.7617417868014,2002.032042515084
1007.7136320247963,2001.403875184473
1008.0225386893852,2001.271777618854
1008.6519709106753,2001.6036596627428
1008.7854751241149,2001.4625888254197
1008.9331449207712,2001.6090940281167
1008.7211291666638,2001.6446808697754
1008.9409855561483,2001.6580539178765
1008.7921940794851,2001.8174882547803
1009.4137655177714,2002.2410398824186
1009.472578683156,2002.6266769566864
1009.170174834882,2002.8924966574568
1009.4199178606189,2002.6849956779733
1010.0838674761613,2002.8659365950602
1010.199928552688,2002.9800721495374
1010.2753726811828,2002.25224289213
1010.194985258937,2001.9646877129471
1009.8458560747827,2002.3550338493192
1010.1583059647821,2001.6726370067006
1010.0654158181096,2001.6404952487992
1010.6919745405411,2001.7388829975528
1010.4700298410506,2001.846317421615
1010.4582237820158,2002.026447492049
1010.053168943469,2001.8932669784665
1010.0725935765759,2001.9448977120264
1010.1135277203477,2001.9489249029614
1009.9688329048454,2001.9133852747823
1010.208542067346,2002.4509973846991
1010.7870766525418,2002.0268531523036
1010.7027556918212,2002.076326202524
1011.2614873374347,2001.850252281977
1010.7143873098837,2001.8292761792857
1011.0925843222157,2001.4209329339246
1011.0303031679201,2001.4955296507849
1011.5223430265529,2001.7400837146793
1011.8655655107987,2002.0047280383671
1011.9051758878715,2002.259122717439
1012.0107357011605,2002.623207812288
1012.4034529373323,2002.1698274294035
1012.9390978483598,2001.3140338385795
1012.3573037752657,2001.569385658454
1012.2955444844395,2001.4477527492675
1011.9795587640579,2002.0952333764426
1011.9780146645605,2001.7539972475352
1011.3588177204081,2002.2484631713005
1011.3544277803178,2001.5321179538305
1010.8152874031035,2001.0711502813115
1010.8553119868334,2001.1821744405174
1010.5409391925293,2001.254759809803
1009.9723440999259,2001.4748303355254
1009.6517025316249,2001.0702850296843
1009.7545164370832,2001.0546167553873
1009.8791717820259,2001.3338132079716
1009.6469536979533,2001.072385942152
1009.8504637391434,2001.157929377345
1010.1178177647148,2001.6142057811655
1009.8523131803407,2001.4871785072767
1009.9301706330725,2001.4725382668469
1010.6887306582632,2002.0101508974692
1010.3327974341239,2001.2051686663294
1009.9710945940573,2001.2831385169518
1010.1319166020887,2001.2327940161251
1010.0555582600355,2001.5022238626352
1010.231151867396,2001.475318254
1010.1265173574799,2000.930503295129
1010.6644848174135,2001.5747868379121
1010.7171153636898,2001.812252009926
1010.8700167095733,2001.4332468373175
1011.1308810884824,2001.5968562778373
1010.7474662906934,2001.5855420502212
1010.7357497513019,2001.9206380834294
1011.043216386079,2001.674783617201
1010.8329217414445,2001.7972296627781
1011.053528697742,2001.222371411339
1010.8232984735635,2001.681759929803
1010.664338432421,2002.0171795259091
1010.6943375269707,2001.7324346931666
1010.2227273238334,2001.3830356813105
1010.1020246403755,2001.7671503854367
1010.3247770092531,2001.4656994155357
1010.5046321859433,2001.7364518909292
1011.0556917612962,2001.234557059652
1011.3098120480548,2001.8360301049872
1012.0053666508063,2001.370442772148
1012.214773299927,2001.6040695864465
1012.5047029212874,2002.00337160617
1012.4466916229658,2002.0223971277871
1012.4419336221957,2001.7337624689599
1012.3939947379786,2002.2148914608074
1012.2227632925686,2001.4841432786152
1012.4546253623237,2001.3269062252143
1012.9579498962909,2001.2446496644152
1012.7765413836339,2001.5153070153876
1012.8609387634579,2001.0855722343292
1013.2241769511844,2001.5538303305284
1013.813947050723,2001.2137311963702
1013.9518785869694,2001.6944964048405
1014.0539865754829,2001.989967555562
1014.312124734414,2002.2835141913276
1014.0061217432827,2002.2942677844374
1014.2641775226691,2002.6843292902415
1013.7678058156787,2002.8982283590515
1014.1628552225751,2002.7418330604346
1014.2637191282388,2003.0112598085375
1014.6096583366857,2002.9269915623022
1015.1846648573028,2003.184248194818
1014.5603275150626,2003.6442989324912
1014.4015579926722,2003.710189562743
1014.3343966329805,2003.7758738209425
1014.1129585444805,2003.4801695526687
1014.1054571438048,2003.4652639118583
1013.7378161625098,2003.4183260462044
1013.7758123822979,2003.1210830427008
1013.9667542560401,2002.9229026946289
1013.9423714317304,2002.6761881619668
1013.8572293591131,2002.519480576903
1013.1844472464924,2002.0482055763525
1013.1108687122744,2002.0398348150545
1013.2593999181964,2001.6934253289228
1012.9336142451256,2001.3656468254514
1013.0216150402642,2001.677555251984
1013.059808742945,2001.8337143358872
1013.1994720133702,2002.19709518172
1012.5996031166316,2001.9292977113523
1012.8589256479592,2002.3377698179831
1012.9216194915509,2002.5577737336996
1013.0918573788235,2002.8868508143532
1012.79690969656,2003.21864502674
1013.0263998686914,2002.7740929289616
1012.561398024846,2002.9723756276342
1012.6040612412435,2003.1670281166878
1012.428644491697,2002.9060778055245
1012.8613231875826,2003.0183374294006
1013.11263767518,2002.696215790227
1012.9549425449625,2002.8230235692047
1013.0203343550627,2003.232076270931
1013.2019369171531,2002.6461827419378
1013.7504304269378,2002.3729509727723
1013.5497867745677,2002.7042807424184
1013.5653366538305,2002.5038709960825
1013.110878077942,2002.2232997154858
1012.8815962521634,2001.9674627475945
1012.9476728058196,2002.2770437971435
1012.6010432209251,2002.603822560229
1012.3888407051007,2002.829548004045
1011.9749916819527,2003.1172877989127
1011.5932830149679,2003.623581146427
1011.9315807178172,2003.2682785595337
1012.1693223928629,2003.7698063484497
1012.6455103957157,2003.978236170689
1012.8063721428773,2004.211023697108
1013.1849449512708,2004.6083311773752
1013.0400256122639,2004.1401316217853
1012.8902393159331,2003.9326578398072
1013.0898428563628,2004.0154805619784
1012.8570774499821,2004.7061359717443
1012.9374797638227,2005.2000059022937
1012.8757645933081,2004.8369253986396
1012.6646296760496,2004.6319267276847
1012.8220117727408,2004.4934613920936
1013.3737379367383,2004.7625448733545
1013.8206607417299,2004.9901219588812
1013.4977688855869,2005.4001029104102
1013.541506701907,2005.2498904530562
1013.931156050908,2005.5492617892883
1014.1516836083956,2005.179483323021
1014.0391033044143,2005.599664780345
1014.3207899198023,2005.785384242053
1014.6566430411716,2005.5558334225195
1014.6245890467449,2005.287535131549
1014.8491535602583,2005.2923659725973
1015.1928625479887,2006.0526339754497
1015.0418347396427,2005.2508943721177
1014.8068353632327,2005.684412796025
1014.7576265926775,2005.489184613204
1015.0570132301857,2005.5029098229033
1015.0048377464018,2005.3820978303604
1015.1525200798482,2005.0247858454018
1014.8703481277605,2005.256492998085
1015.5219141233619,2005.5051794123515
1015.8487822123946,2005.996716928416
1015.6981748487598,2006.3334476027685
1015.5233503472359,2006.0129545740012
1015.2638922711953,2005.9234607048518
1015.3096325989925,2006.276397096045
1015.0872355198878,2006.1826042290807
1015.2376853718653,2006.107483199656
1015.3652729814725,2006.1477581045413
1015.0471163141059,2005.7686735484933
1014.3797080282751,2005.7980136734175
1014.1443978167802,2005.6400705180065
1014.3845283592052,2005.3499833194555
1014.5819489854558,2004.9331569805813
1015.1085107221069,2005.0034904655133
1014.7539223301524,2004.9815439577596
1014.4760551919153,2005.1940250632022
1014.4861149886664,2005.5454350248128
1014.2991818289003,2005.5167047445884
1014.104179632807,2005.5546065115557
1014.146410983596,2005.8622585439048
1013.568058933508,2006.1236237698943
1013.8489875555424,2006.0868771643072
1013.8148857755206,2006.1922951977156
1013.5431423191205,2005.789377083013
1013.5308680497795,2005.2756459557904
1013.6933039418782,2005.897361007185
1014.0701015260792,2005.8724618184758
1013.7945008546832,2006.3260493267962
1013.7046768550351,2006.4451527157187
1013.8694047231572,2006.1131859984641
1013.3064347471773,2006.5329184164616
1013.4262560640989,2007.0108734199323
1013.8362492414412,2006.7411300668261
1013.8644770167866,2006.400280126227
1013.3689238822881,2006.5923328140345
1013.2360707107038,2006.186119614078
1013.5870629285333,2005.6312050997906
1013.2221162147248,2006.0237066870918
1013.4687185949762,2006.3431178295364
1012.7202265786289,2006.765896847298
1012.6692707967504,2006.5693170023328
1012.5743914442015,2007.1922996474416
1012.7330292825295,2007.1534726112388
1012.5008250277895,2006.8931119670128
1012.4683709854871,2006.7463073200909
1012.4506365885192,2007.01263269852
1012.6686311585087,2006.540388883429
1012.1485666809202,2006.7273306014242
1011.8690066093562,2006.6351663431399
1011.8030569647126,2006.3031431958836
1011.9112138007287,2006.6183973271588
1012.1327448869746,2006.3110795229068
1011.9589090401132,2006.4226874320257
1012.1910543879787,2006.006084054127
1012.2069932377017,2006.4233188689745
1012.5458647607261,2006.5809614766713
1012.5494804238202,2006.254668666677
1012.564675161251,2006.8667418188359
1012.6944134043956,2006.5752811275672
1012.2820050102392,2006.897745258349
1012.5141868102312,2006.661361512237
1012.150301486218,2006.063039390589
1012.1754648244383,2005.8331151052384
1011.912329903118,2005.9433835679206
1011.4646413225651,2005.8889670387732
1011.6971868008969,2005.72661632737
1011.5239778609894,2006.0004508661345
1011.5703253336657,2006.0125175786818
1011.806054285882,2006.3290591590983
1011.5051773716293,2006.1339383487664
1012.209540147091,2005.886434105538
1012.5064759931187,2006.2001489613504
1012.7266788773553,2006.6920844676897
1012.5451308034638,2006.5064006948242
1012.6110147935001,2006.039510928095
1012.4959477021994,2006.0147824513572
1012.2957775883737,2005.4548277983963
1012.910982618283,2005.7573654930159
1013.1952037115781,2005.450956282376
1013.2962980389929,2005.8184731501487
1013.2965505231045,2005.7097639969713
1013.0929167650296,2005.4327119232862
1013.6843238412365,2005.8154748701095
1013.2562519220174,2005.572596080413
1012.9705884937963,2005.4120515225427
1013.0804944206791,2005.6715218644008
1012.8211960244053,2006.0693748362253
1012.9147938061349,2005.9447155331593
1012.8937052613503,2006.2694751462186
1012.5903309948533,2006.178940235701
1012.2801357457515,2006.620277798748
1012.7233101894564,2007.1071027751361
1012.8298491348538,2007.4702686993032
1012.7982187111658,2007.3109833854376
1012.5842228361289,2007.5642799995032
1012.5037784327526,2007.9984332468916
1012.8988098470514,2007.7132768066876
1012.6218858468663,2007.7203786823882
1012.6012037530528,2007.1911549521235
1012.5900919901607,2007.0819597831357
1012.9371678797326,2007.065637642932
1012.8882747886109,2007.423542029799
1012.6781564841472,2007.248321937901
1011.9762317284717,2006.7724228754823
1011.973331499207,2007.150864936164
1012.0184426580654,2006.724411271563
1012.4087734556214,2006.453279323023
1012.7343908276973,2006.832434357623
1012.4019078760157,2006.7635608235207
1012.3929908687785,2006.8090778724861
1012.6152541292437,2006.365577642381
1012.8125891777469,2006.0021251864118
1013.2482222363835,2006.4888398575317
1013.1083920822444,2006.9417558209136
1013.2271231323914,2006.5090323512095
1013.1967740608881,2006.1832329573695
1012.7574619144792,2006.371959045499
1012.0900751822725,2006.1221967442748
1012.2818105212217,2006.522625667617
1012.0952578643017,2006.940806099776
1011.7129693777069,2007.085510702542
1011.4933356535084,2006.7423348271998
1011.5030128633223,2006.7231554993887
1011.2658798476562,2006.8972891653111
1010.742979695353,2006.4671813704265
1010.6537780284428,2006.9362514546024
1011.0628081272247,2007.2420331400438
1010.803102896649,2006.824770800421
1011.1629766812964,2007.291054820051
1010.4812057282604,2006.760309385514
1010.7414900645188,2006.9451078853162
1010.6228645626538,2007.4610644123536
1010.513016633373,2007.71700443442
1010.2339952443325,2008.1567192773073
1010.1660886890053,2007.6580165499277
1009.8435635913705,2008.0129800826414
1009.3916694739272,2008.1122813467298
1009.0404659163338,2008.3273609038297
1009.3718497261447,2008.8616927461774
1009.748451947737,2009.0772861343912
1009.0873797694054,2009.2777210191714
1009.6249244055239,2009.2174796198422
1010.0260262659942,2008.9550743507696
1010.007192157933,2008.9622228739765
1010.0798433614398,2008.708453304772
1010.3315490209407,2008.5861816259785
1010.8171833620937,2008.6389302601729
1010.2353688604458,2008.9015885201422
1010.8953608762783,2009.0748508327663
1011.0356735087965,2009.4120636322684
1011.0297633176251,2009.23810681113
1011.1832287219628,2009.1937549564773
1010.8094742695329,2009.5101138220537
1010.401418223087,2009.3148414291418
1010.8635338653339,2009.535214389443
1011.278148274468,2009.8612837019928
1011.8827990178714,2009.679442712928
1012.2215684575099,2009.1452670112278
1011.8021614175232,2009.4991463631786
1011.5426068242627,2010.2766945125209
1011.8358080125388,2010.3138692226596
1011.301775281221,2010.7456045814731
1011.5769459884935,2011.1683123000303
1011.4388324772374,2011.6136080548333
1011.5567381836731,2011.1415157419738
1012.1276228148259,2011.1857954243883
1012.4419656590454,2010.922593581309
1012.7140379119069,2011.3883731096623
1012.1475719689323,2011.6398567128845
1012.2503951312751,2011.9811455144866
1012.1473972188966,2011.9098547804435
1011.8533578440422,2011.524298907651
1012.4198359917751,2011.900641781055
1012.3894442046053,2012.530722201
1012.0728683312594,2012.2582123773238
1011.5864440846357,2012.4904009672216
1011.7623692388637,2012.7556404719662
1011.7302122874495,2013.3614398867403
1011.8223929918437,2013.4571200310183
1012.3623256195131,2013.991433691079
1012.0997257532719,2013.6701847007416
1012.2723808122851,2013.3755728215012
1011.9895041443867,2013.2013912490845
1012.2901239025559,2013.389935344792
1012.5551038507525,2013.7734116677175
1012.983310192362,2013.8545456163467
1012.7942805384952,2013.6679500971418
1012.8498332170315,2014.107018335614
1012.8758067992114,2013.9234569876787
1012.920982252831,2013.591294034676
1013.1242847839524,2013.3859306170202
1013.2920951787678,2013.606080742009
1013.3439113457107,2013.8177874099886
1013.1012420827873,2014.3440468327433
1013.2573636955834,2014.0500571452526
1013.3408770312,2014.6532436063392
1013.4105136892134,2014.454737446127
1012.8721506137719,2014.780554217716
1012.7832020500468,2014.8212878480738
1012.7632646953481,2014.4518710063169
1013.1742526074651,2014.765068318901
1012.5721061208009,2015.633816238446
1012.5118986318957,2014.974120871732
1011.8622657587529,2015.466321026774
1011.4092908124014,2014.861726046715
1010.9053573044215,2014.6248699702253
1011.4702043915835,2015.1909496566857
1011.5418028734412,2015.3596726836436
1011.5411394001176,2014.888165225934
1012.1416512979306,2015.1414168530448
1012.0334166046326,2014.8553780507655
1011.8184159806318,2015.200374789893
1011.8770701880253,2015.3245636289603
1011.8898895357353,2015.058755061917
1012.4145112626226,2014.9687480300638
1012.642374469436,2014.515809462258
1012.8940165033451,2014.4722619579586
1012.6816645126183,2014.8633304748005
1013.2379966705569,2014.6666221231646
1012.9719302378319,2015.2848940423673
1013.5457370593878,2015.3834024144232
1013.89972623641,2015.216148976494
1013.7826312174591,2015.205056033477
1013.881781545855,2015.3749010152771
1013.7985054695829,2015.2816633668654
1013.8574968591026,2015.314931012405
1013.245636545317,2014.9936697207636
1013.2766283361259,2014.9922537966413
1013.1083479744308,2014.6892431986378
1013.735276677566,2014.4630276361388
1013.5316128686958,2014.1154369695778
1013.5268244287191,2014.0923079978295
1012.8608798509089,2014.2401565644232
1013.1474942469845,2014.0307644019183
1012.8659838083433,2014.3762658754251
1013.0487267198854,2014.0826279435073
1013.5944613153474,2014.0900663827997
1013.3950670521932,2014.6065209733085
1013.4888790107619,2014.6787030890266
1013.0303651872869,2014.8904061418507
1013.5181129051116,2015.154107279166
1013.7285085976744,2015.1211228748807
1013.440838591499,2015.7120715266267
1013.2682834743008,2015.7541781833086
1013.177189983235,2015.6670688712695
1012.8925743814807,2016.1348359370172
1012.6390187202403,2015.6401217075122
1013.0806502520485,2015.973823504189
1012.7997236822291,2015.7960173004683
1012.9890568611111,2015.787098489721
1012.7523579411652,2015.2025916736789
1012.5438433727362,2015.1769282358691
1012.7112631829109,2015.8508046622094
1012.8478361825768,2015.3633354157093
1012.2664749910215,2015.1106393471189
1012.2304732836401,2015.3086085062773
1011.7628089336106,2015.1639125706145
1011.8220222789619,2015.2007834233175
1011.3378252707123,2015.861239447027
1011.1306153818758,2015.7210452535078
1011.4148633563009,2015.8506755069309
1011.2917329562622,2016.2125880152944
1010.7127489691738,2016.0317143566635
1011.4235563307793,2016.351503843084
1011.017773878791,2016.9668420442806
1011.0933742327395,2016.599347976363
1011.1538225459143,2016.8248822652479
1011.4806238311608,2016.760649723001
1011.309613234503,2017.0676519951833
1011.381493305553,2017.1357225596744
1011.2959412478558,2017.810859245824
1011.2033953865747,2017.4782065887819
1011.1043092436933,2017.06567377904
1011.1124902385062,2016.7722590616997
1011.4775217368887,2017.0240368695245
1011.4540106384677,2017.2716187304907
1011.5474169313633,2017.796990347501
1011.6969609722065,2017.7295182126265
1011.5920070374295,2018.0255596139943
1011.1299081452402,2018.6636713469202
1011.7022526156269,2018.5676197204207
1011.0087247265623,2018.9620656019267
1011.0913433791484,2019.545015862011
1011.6544373082661,2019.6451182200653
1011.7291824015974,2019.4893070343371
1011.7650369191769,2019.1434750690826
1011.8026563389325,2019.1146000588612
1012.0440927040124,2018.984045427529
1011.7880278882249,2019.5054675448273
1011.5929558731135,2019.445373382313
1011.216401997963,2019.8465002690348
1011.2121090758825,2019.9056027894455
1010.713025997929,2019.4646926043429
1011.1935823010668,2019.9403752884577
1010.7877821226344,2019.8213617031668
1011.1770373398974,2019.9246823842002
1011.2436395000084,2020.0457056730238
1010.502651958303,2020.2254327533017
1010.5112347464805,2020.354921765192
1010.6830444483603,2020.8378747999386
1010.9902761819045,2020.6901147656654
1010.8253428089793,2020.7010900319624
1011.124204631978,2020.8192264247348
1011.3159785406839,2020.8001718707976
1011.8233642248397,2020.6583468100916
1011.967599356759,2020.3849952155783
1012.2242641668219,2020.869241214474
1012.600481262606,2021.2503363803867
1012.7344353599347,2021.703841399811
1012.3216094134702,2021.8473103008516
1012.5547685873133,2021.8349903206679
1012.606811875674,2021.352805321265
1012.3661515804739,2021.3414972738874
1012.2272843681328,2021.775317486808
1012.1855113149813,2021.68582692245
1012.7205601979217,2022.0174610853348
1012.6119915348962,2022.253241724033
1011.7809085753828,2022.211867614272
1012.2462092922116,2022.519431920609
1012.3976340741991,2023.2331366123574
1012.092051005965,2023.4030107710382
1012.4271971222008,2023.624381633558
1012.5274569416545,2023.197585925375
1012.1872212434869,2023.5179956934107
1012.3260540106118,2023.3899058115517
1012.5163125658163,2022.9750297214275
1012.0873869648558,2023.6395216141557
1012.1914415854056,2023.5147186367797
1011.5568479020415,2023.4420753901268
1011.683957405859,2023.9700720811634
1012.231571029331,2024.647455812796
1011.9699039659996,2024.3945686919408
1011.5944483638325,2024.7978835464664
1011.9878832553042,2025.3643525455193
1011.980318993202,2025.0164789067474
1011.5583156206937,2024.8905885664444
1011.247109694475,2024.9672735680235
1010.9971089977104,2024.967039514387
1010.8458898462096,2025.2193991735764
1010.796822703529,2024.8256514787822
1011.1861876666123,2024.8649351351569
1010.7195679271948,2025.3260403228387
1011.2290860031311,2025.3113928392534
1010.4059540893487,2025.578116983397
1010.5431301928373,2025.6940531986909
1010.202109653637,2026.0886308846386
1009.9824673798873,2025.511749206704
1010.214798328633,2025.8607378631127
1009.4970429680179,2026.1922280172225
1009.127128804155,2025.7476056460546
1009.5920219550683,2025.567136190929
1009.4936794730322,2025.3763589343412
1009.6482586794883,2025.8449677267172
1009.5151164097172,2025.2555618912268
1009.6922176932266,2024.9051109524287
1009.5561310533953,2024.9809731578362
1009.2315485150383,2024.7468036327843
1009.3761691597545,2025.376371297877
1009.0572696198413,2025.3814773981114
1008.8950405598762,2024.780172826483
1008.665033503347,2025.1746139834547
1008.561895859048,2025.1123204192854
1008.1566481057889,2025.6324184321084
1008.014102360981,2025.8864267640301
1007.584474004672,2026.4344004634165
1007.6252090586115,2026.4538318080781
1007.5310120739526,2026.7552872806698
1007.8262651899398,2026.5044632417635
1007.5798712646344,2026.9880323203267
1008.2557935699415,2026.302918737022
1008.3828897083846,2026.6802013954073
1008.4922684385939,2026.3390487312302
1008.7529735384646,2026.1342607104866
1009.0504936339715,2025.8381873331168
1008.4979703574933,2025.919373959513
1008.2195176407051,2026.3132197739517
1008.4730555288853,2026.709411189165
1007.8920365785282,2026.241200757388
1007.4817780291971,2026.4655350304854
1006.9963130575578,2026.7181374357401
1007.2106261421288,2026.3298573135448
1006.7243421110757,2025.8934759088106
1007.2161127719008,2025.9695399741565
1006.8401527812616,2026.143289145126
1007.0427267874769,2025.7929167982365
1006.8440012736471,2026.3105715464123
1007.012004858372,2026.007264716286
1006.8710659567647,2025.8454802089086
1006.5969261604306,2025.4518702137898
1006.8340869464696,2025.0745225727494
1006.5665644008612,2024.747517044685
1006.7071325570955,2024.7424374730135
1006.4456377890148,2024.729340663391
1006.3440638792293,2024.8818191699625
1006.6254137027479,2024.9504247561836
1007.0386602497581,2025.1506171930162
1006.7273198604488,2025.5620118927216
1007.0880416041135,2025.1476318084187
1006.5237573843865,2024.946737879806
1006.7358187230252,2024.4856765866748
1006.3396444732266,2024.7911383881437
1006.0290988316516,2024.4500785900009
1006.3202263774903,2024.4851860175706
1006.6782228881123,2024.5875691324047
1006.7567804881136,2024.463252741532
1006.394429209351,2024.535154910957
1006.7439561901559,2024.1894507248119
1006.503090390513,2024.7049647156525
1006.1787206898044,2024.3538111719088
1006.8429432920703,2023.8509723780276
1007.3176244112068,2023.8639442904953
1007.3764480390187,2023.2228608056137
1007.184949531866,2023.1872696896
1007.5466286718495,2023.2926829435958
1007.4377822284079,2023.2523476963113
1007.5621057985701,2023.388579079657
1007.4598436014039,2023.2975344982353
1008.2042866026568,2022.9779606179718
1008.2575137834108,2023.4425853941798
1008.5384626058722,2022.9214475617996
1008.3006787286148,2022.793945299139
1008.3163327945018,2023.2166408009
1008.6769455733848,2023.4368147595108
1008.8313735590716,2023.3616844292928
1009.2928821724706,2023.2716734984347
1009.5037428547923,2023.7054580738527
1009.353610582908,2024.0376142847167
1009.2315040663862,2024.3249707991135
1009.0580870178576,2023.7732333196584
1009.8495578650987,2024.3096000651033
1009.4730069102387,2024.5911921746224
1009.9902370513133,2024.9012753973225
1009.6905787349674,2024.9849028329334
1009.7683032363492,2025.0788218012774
1009.9240138963529,2024.9598579274823
1010.569453928613,2024.969821671272
1009.9687714994892,2024.883649928059
1009.9444758774536,2024.5675227227582
1010.0784735174983,2025.0488363449908
1010.6280739651828,2025.0218889995313
1010.8175198760316,2024.8995890478936
1010.9088064550958,2025.4982221825112
1010.7415806677178,2025.2761063092726
1010.8800484890933,2025.0956872243537
1010.8922689589015,2024.97144247947
1010.6742926723907,2024.8456378808166
1010.3980067059671,2025.077154945035
1010.4638380985389,2025.3634123360955
1010.6252095730216,2025.4404197063234
1010.5942322467126,2025.825898393081
1010.5989286416567,2025.5428946092527
1010.8006028040606,2025.801429461059
1010.9998292865336,2026.0250942267928
1010.6924153770525,2025.7618466183405
1010.2996153871704,2025.8525584864672
1009.924636879023,2026.2513783520299
1010.1235831553761,2026.0297518887496
1010.7992619163509,2026.2969736460484
1010.2815394182489,2026.473570669125
1009.9425392306395,2026.5512838260322
1009.5929236599775,2026.8368621357013
1009.0297876464251,2026.356930546975
1008.6262545978102,2026.5903861669697
1008.7400361776447,2026.7479529868083
1008.3883232266237,2026.9749316939278
1007.8521282112944,2026.6148746001822
1007.9455518458702,2026.525784685127
1008.2780444770864,2026.5692710919077
1007.948368239578,2027.0745864457951
1008.0500815952413,2027.0383673754866
1008.4162997512767,2027.3746944789104
1008.8431908833668,2027.5021041587456
1008.702369566998,2027.1192214954126
1008.6084625107968,2027.2552794963992
1008.439167867059,2027.255732664704
1008.3818692808816,2027.0080419672413
1008.6654377118273,2026.665093042108
1008.3310463647714,2026.9517441617595
1008.750694607501,2026.974771933149
1008.1219102184854,2026.6902326164934
1007.7544397610376,2027.1060228542447
1007.3833548475493,2027.3242525080002
1007.7256499517005,2027.653585243115
1007.8922775399756,2027.8718748125082
1007.6936091414058,2028.2246200192717
1007.6928749757128,2028.141895426766
1007.1684993009278,2028.6349456535534
1006.6084844944099,2028.8902319466524
1006.7897130190737,2029.0053335235075
1007.3975151579126,2028.8731792042543
1007.7309000033115,2029.376355387765
1007.1706330260347,2029.768992009864
1006.7251209103506,2029.2216399609913
1007.3363088205521,2029.3335247955868
1007.3170019553534,2029.5273052784178
1007.5171400625346,2029.1984046504303
1007.8076511522214,2029.5701308073808
1007.6835579302852,2029.9723975215265
1007.5613626591231,2029.9712390253985
1007.209893938619,2030.3784815517795
1007.5625459385583,2030.3981774893957
1007.1694139645841,2030.3946667813416
1007.1274533057754,2030.1436190588095
1007.2275704262681,2030.250725828027
1007.2257876910038,2030.6338678246873
1007.08732291071,2031.0711642265244
1007.3396369343905,2030.5903061079657
1007.261544673531,2030.0589449573065
1006.95831702894,2030.112770538031
1007.4761111593435,2029.3828046527262
1007.0796130855056,2029.291436962676
1007.4384043815727,2029.1179434250241
1006.6898458857908,2029.4027512223784
1007.1044161760168,2029.9246336075325
1006.6728582944478,2030.0623985307354
1006.6042739568312,2029.9618018051674
1007.0099659814052,2029.7526209770067
1007.3685981692494,2029.4828577295739
1007.811575066518,2029.2213746213688
1008.4462546778879,2029.4490549577054
1008.8728048231874,2029.2994062434848
1009.0390239408553,2029.3309429783155
1009.0583868067052,2029.3314489208763
1009.0800822452992,2029.4235647838395
1009.3475269797852,2028.9536435455025
1009.3143757975124,2028.8831047849574
1009.2622228462142,2028.9700448635733
1009.3459608250049,2029.2818898101452
1009.1971144660477,2029.9397868342385
1009.6507513628953,2029.4351401913173
1009.6027750295976,2029.7703517259179
1009.805008452752,2029.3518798003438
1010.1044039524821,2028.8226607864367
1009.8541715212604,2028.9077651742575
1010.1857248426204,2029.0892884542832
1009.9637352639546,2028.969075617489
1010.2469898682782,2028.560049447083
1010.1626128950066,2028.0615968640057
1010.1939774053874,2028.5509241284365
1009.841710337843,2028.8445238146044
1009.8067681941797,2028.8660900887169
1010.05449711908,2028.4740124439506
1009.8249483483961,2028.2360990798868
1010.1375484916742,2028.275754773263
1009.6264066637557,2027.8961799697931
1009.9193654695276,2027.8139944353472
1010.003354550907,2027.1902429735942
1010.3762156615073,2027.7911736604742
1010.3046170827566,2028.1686723076712
1009.97919717417,2028.1201461940284
1009.7366827172983,2028.2810726643786
1009.3784379934553,2028.6668286840647
1008.9682840454287,2028.1390831627884
1008.9634905124758,2028.1141680346589
1008.3062386622263,2028.5803984474499
1008.125036269031,2028.74000216291
1008.4252272305772,2028.7202900197394
1008.6260005360059,2028.6362233054217
1008.6853144412735,2028.954227698672
1008.8816658980323,2028.8920443688576
1008.4500488234693,2028.9411621974575
1007.9753499916154,2029.0282796992826
1007.7737230527345,2029.01439612763
1007.358939428667,2029.1943537439506
1007.6603007423457,2029.6936032563851
1007.8156861159556,2029.5457320812602
1008.4131151799614,2029.8909218570898
1007.7377929656847,2030.0571613652035
1007.623685712546,2030.5258017420663
1007.6391747934738,2029.8070531246235
1007.7342771590194,2029.8864676021435
1007.7458949259425,2030.1724182351775
1007.5222398268833,2030.8137534208427
1007.2993362742837,2030.44542507922
1007.6620941722932,2030.373012358856
1008.0345333574104,2029.836582370556
1007.9499922683689,2030.0595749418724
1007.8671497438861,2030.074659027504
1008.3826508241917,2030.2123987166783
1008.692928791132,2030.6239976397069
1009.0406287214413,2030.1727592061254
1009.4440963722471,2030.5974567245644
1009.92600229773,2030.2723068029443
1010.1125423421555,2030.1289432050862
1010.5847698008063,2030.041204557083
1010.1942066180578,2029.4724339021668
1010.3632237100811,2029.4460577077086
1010.6716731525249,2029.017205116188
1011.4063063543413,2029.5244419813835
1011.6511607239843,2029.31052545011
1011.9600494094065,2029.7468253911954
1012.3566531990831,2029.7729941999664
1012.1428927561394,2029.648091595739
1012.0583207624015,2029.2104758170215
1012.1638453512261,2029.8056604628484
1012.6017214165496,2029.1129087448808
1012.3480526778667,2029.031234884572
1012.1491145254793,2028.5314863765577
1012.5166633749056,2028.563895917228
1012.5872680798913,2028.2963260639012
1012.9752965161034,2028.5907007695555
1012.9089474398561,2028.0314800013527
1012.5801208944222,2027.7911934670171
1012.4238942218965,2027.290870655512
1012.9261863729853,2027.6240880715561
1012.4895799697437,2028.1183185153009
1012.9541847931466,2028.140486521161
1013.3552856571798,2028.547053646508
1013.5598030170188,2028.9540737794161
1013.9341489307528,2028.6443692644684
1013.9660068959248,2028.6354139991658
1014.1471825104059,2028.5869537307403
1013.8353294144574,2028.5991045842436
1014.4705734669814,2028.1058891295604
1014.3575093511593,2027.6517709387365
1014.5908131370361,2027.853537940584
1014.6854748635955,2028.5118146917323
1014.5858379755948,2028.1152759126817
1014.0864941815545,2028.0151462736933
1014.3267514976841,2028.1108278645202
1014.5885521438249,2027.991211104852
1014.3077932283114,2027.3212789129486
1014.4109703218846,2027.4855632792223
1014.6299656458092,2027.530405714283
1013.9903602744121,2027.9765365819871
1013.6131238005734,2028.0604077048508
1013.7241164068284,2027.654408828615
1013.8869229544948,2027.368696751696
1014.3454977895097,2026.796323439756
1014.5638347170217,2027.1661549392177
1015.1070674662265,2027.0540570131
1014.8285350132142,2026.5768109502062
1014.5856829685589,2026.242648830704
1015.0858409019894,2026.0964937145675
1014.8649300403508,2026.0508857735151
1015.1890263614866,2025.6178916438228
1015.3508419607394,2025.8550450102132
1015.294038692696,2025.5104847543485
1015.8549654011405,2025.7685501010026
1015.9974217432922,2026.3338162213738
1016.0937599488117,2026.3150395154717
1016.4584432662629,2026.2588261960905
1016.623867401539,2026.6647295168234
1016.709961801319,2026.1971027977106
1016.976263449112,2026.2026471635072
1016.5583108500183,2025.739713474143
1016.7831290380667,2025.9297513008212
1016.5815804662274,2026.0763784606122
1016.5618136221132,2025.9445642342519
1016.221332797136,2026.534971609891
1016.621387275265,2026.9310820259398
1016.8529024371696,2026.901717065238
1016.666905486781,2027.0722218905682
1017.1631292579705,2027.3736028925873
1017.4196195541398,2028.1367535892393
1017.0348300154877,2028.1365277644602
1016.779143091862,2027.4021979087756
1016.5021685024861,2027.961106410972
1016.1651058468441,2028.2809631836753
1016.6190230777047,2027.8774406630023
1016.455409308488,2027.4747237237032
1016.2408953790249,2027.323759141837
1015.9494265254912,2027.5684600887773
1015.5701229206032,2028.0227570719965
1015.1337007583052,2028.3786392588797
1015.420900680153,2028.0118848950408
1015.0765293637729,2027.4108509076968
1015.3602777318314,2027.444957280113
1015.3411773777283,2027.795879705346
1015.8371106074525,2028.0875807006478
1016.3830127293597,2027.8206990072208
1016.7372540319884,2027.9307729948923
1017.022493261563,2027.968010486948
1017.0790082801817,2028.28502763739
1017.3585000363898,2027.752922158143
1017.8410475419296,2027.951521388042
1017.3948053562004,2028.1788147817042
1017.1478918503805,2028.2845747334882
1016.9335858449077,2028.7152748333785
1017.1876467364946,2028.288544177622
1016.7643016886716,2028.1729311332147
1017.0738740519508,2028.4193701232591
1017.8440459809353,2028.6881797624285
1017.1344134550639,2028.5519952011098
1016.9353048721666,2028.6096496067996
1017.5378733594581,2028.7014922171738
1018.1194656519426,2029.3562793170827
1018.4521231742017,2029.1406151801812
1018.844659014765,2029.2883019654712
1019.1141991048689,2028.8518458441056
1018.8932511230115,2028.914489927039
1018.8566072426391,2028.9496666903035
1018.6921041878601,2029.1305022182785
1018.4443506056957,2029.361837896084
1018.5939538447217,2028.9364869093654
1018.6628973240925,2029.0792627445906
1018.1957727795342,2028.6615975518882
1018.0402243600902,2028.8514327659573
1018.242443525599,2028.499366765233
1018.2148728477641,2028.6468825314705
1017.5700961402309,2028.3274986658112
1017.4522928204323,2027.9027104180686
1017.8036056642765,2027.201777138965
1017.8897409375392,2027.1561144401971
1017.1490745101887,2027.5542962346713
1016.7047391404508,2027.8278239436386
1016.6894057667561,2027.9885704108406
1016.6577997404689,2027.3157894040237
1016.5898700884079,2026.8763028607198
1016.6341909904571,2027.4834576640699
1016.2868618296328,2027.4815893405187
1016.0631540268249,2027.4212206357945
1016.6022150240335,2027.045838746215
1016.4133592300062,2027.0392946030984
1015.9272985384147,2027.3897763523066
1016.1024127431497,2026.6108538273045
1015.8097588138528,2026.4744158293147
1016.0526473548018,2026.2476130445625
1015.6949021982182,2026.035210214447
1015.5444419474842,2026.2037518220557
1015.1356323919912,2026.1717160486237
1015.6288024485863,2025.9550071016515
1015.6583115260606,2025.3020411843042
1016.20458518838,2025.881773493657
1015.8656236159243,2025.9289285430732
1015.5511969426356,2025.7850262272516
1015.7176737516588,2025.4269260050742
1015.5603229334525,2025.1652507971376
1015.2145520068605,2025.799342075228
1015.2304504045724,2025.8009879478188
1015.4854005020779,2025.5740219614122
1015.6114681689014,2025.7712215216845
1016.1827963278512,2025.9503150251574
1015.9631179684076,2026.2207770600482
1016.1028439299557,2026.750720482773
1015.7730608336667,2026.2888905623554
1015.03631956794,2026.0204313316417
1015.041543224695,2025.576719361549
1015.0031581631151,2025.9899194937932
1015.3948111922987,2025.4471799789192
1015.1298822393217,2025.3727021220418
1015.328837731935,2024.8376520141016
1015.8896793956983,2024.9644967979273
1016.0850354926499,2024.8329575368214
1016.2109034844639,2025.013448174087
1015.7725492541279,2024.9627291568688
1015.7158216513108,2025.0485609281109
1015.1814034579852,2025.511965506936
1015.6497200205179,2024.9928307162172
1016.0149085187859,2025.3364220943238
1015.9744843553817,2025.1026327574305
1016.4489707299578,2025.2766834142033
1016.4355488824909,2025.429648315615
1016.5967299870115,2025.2536864637616
1016.2652689456476,2025.1799859675923
1015.8124228585801,2024.6819567800856
1015.8483680085052,2024.779447110736
1015.5690074237477,2025.1019341649478
1015.7300425271195,2025.0769776232437
1015.5905655575039,2024.9132954499712
1015.9560473245649,2024.7260791241401
1015.757332835099,2024.7163645857088
1016.0281046912863,2024.8217412631363
1016.6644209535455,2025.2048620631647
1016.7946936751378,2024.8941423562992
1016.5222529554198,2024.9192214905295
1016.9032421349214,2024.9719920923014
1016.7806231470585,2024.9853746170727
1017.2633685008105,2025.0896009031264
1016.9938409252471,2024.988696262932
1016.3339114667293,2024.8336578033825
1016.7693857717645,2025.058662824354
1017.3147464682662,2024.9154151889957
1017.5464371524765,2024.4439317556494
1017.5201116525313,2025.1099555903559
1017.9434647683967,2024.9352520604668
1018.2095363924439,2024.8438683215304
1018.6639070026333,2024.9167882242891
1018.7065496623917,2025.3791304753233
1018.6836175775288,2025.3875882804934
1018.4504556924878,2025.6035470983209
1018.2882341610294,2025.9106410903762
1017.895799579991,2025.8007460839985
1017.4437252135691,2025.831972331383
1017.1415241901985,2026.4006601821827
1017.2583137614685,2026.1534887397327
1017.3895023712175,2025.961591134324
1017.3115328695723,2025.3986007888388
1017.5989681865593,2025.9559025920178
1018.1891522109481,2025.8590997650215
1018.3087107051973,2026.043924525422
1018.2449064838535,2026.301676619188
1018.1322130887139,2026.3182055206516
1017.619082206293,2026.4775580568635
1017.3145929534912,2026.0167605959434
1017.2652606486281,2026.083825497423
1017.5938010650857,2025.9966809504742
1017.9310009801696,2025.3768348562608
1018.0123119399128,2025.4352995800593
1017.8277882940774,2024.9067620906178
1017.5657310979493,2024.5634319975634
1017.5233393267157,2024.8218924245332
1017.7916136906309,2024.577176257814
1017.5237282252368,2024.6163837487854
1017.6062367751291,2024.6420324381477
1017.3711346876106,2024.5571766534986
1017.2605853906448,2024.2331952021302
1017.1722922970708,2024.3507022715405
1017.337610010575,2024.4942426822806
1016.9510762970999,2024.936609935294
1016.5519014799122,2024.6853173946045
1016.0274682797798,2024.2148978591615
1016.4268027850635,2024.539092630595
1016.717816609581,2024.2881161814457
1017.3312717904503,2024.2263859156246
1017.5474745651335,2024.4877453983338
1017.192836712565,2024.465498493352
1017.4734627978909,2024.0353497579529
1017.8150809988292,2023.2902981529983
1018.372969122697,2023.1259519005996
1017.5755559830719,2023.4641668838362
1017.6563629946958,2022.9624622093752
1017.1004370102844,2023.3831489993722
1017.088406613671,2023.5212575103644
1017.1475725734866,2023.6972729745728
1017.6456578278086,2023.655670778307
1017.0207088271871,2023.4026617719144
1016.9508219298104,2022.9086189167285
1017.091494666752,2022.4660242352886
1017.5059793552758,2023.1336195790802
1017.7694689460203,2023.010646288627
1017.4132600025657,2023.277520283807
1017.4556181819052,2023.028276987377
1017.3517343147463,2023.0758062770262
1017.5166269725397,2023.1261832443618
1018.0414312355837,2023.591202848036
1018.1126118600932,2023.7339315637948
1018.0153734612237,2023.4762605030494
1017.7140289106508,2023.5771850582714
1017.4745678884236,2023.8861425459443
1017.8598431881368,2023.632485411991
1017.8755407069126,2023.61877890157
1017.8650636924868,2024.1650060737436
1017.6061344369388,2024.0487298232342
1017.5099901634759,2024.448148336338
1017.3860865421584,2024.8866481125312
1017.7416202828495,2025.3486835052836
1017.7742316176636,2024.8728050671236
1017.8292417805484,2024.6367367176524
1017.5985050775802,2024.6548904590704
1017.1466387542279,2025.1034517727628
1017.6431109020501,2024.7627702950228
1018.1107062846115,2024.4884162677508
1018.3735847958241,2024.4684972548678
1017.996758216372,2024.5099651245741
1017.5183643382708,2024.4587593858068
1017.2784845445041,2024.9521879272436
1017.3362261829469,2024.2602130308621
1016.8001102059957,2023.9304918857636
1016.5242385007436,2023.960377642036
1015.9650120438818,2023.6672740466486
1016.7293882761502,2023.7701709673477
1016.5046240150571,2024.1636770691057
1016.5294768442902,2023.717102525541
1016.6848255377396,2024.3008974129918
1016.5077979356264,2023.9702648877492
1016.695421213182,2023.553391096144
1016.4751597891457,2023.3076209119297
1016.7148743689052,2023.5220113680507
1016.7137717615938,2023.8297384456273
1016.9094006308605,2023.794794146346
1017.130248953536,2023.346876545606
1016.9227258698434,2023.7953437640303
1016.6701105581164,2024.1528982694174
1016.7371809042103,2024.4558183191677
1017.0400682449524,2024.1772512360562
1017.24773651869,2023.9445339835884
1017.85596896773,2024.2497417292952
1017.3377562526916,2024.1516855214034
1017.5490330769901,2023.6571822110973
1017.0424553793399,2024.0048529308585
1017.337232744002,2024.1537527615594
1016.8088883100347,2023.9282765251573
1016.5272906715616,2024.2484847761607
1016.8520412039094,2024.9435494374306
1016.2773356179799,2024.6843077703707
1016.8435987407101,2024.6271472186338
1016.454028852547,2024.2649457401849
1016.7940759251816,2024.5491872092703
1016.3028208563345,2024.151264071477
1016.3790066025714,2024.2165523270028
1016.3788663060445,2023.8222075154622
1016.2210908215276,2024.218437912308
1016.7035763920007,2023.8269595069273
1016.4178461943994,2023.3824745809102
1016.6652960550501,2022.9548202213118
1016.7636277824151,2022.946704491542
1016.9923838349217,2022.4884897422721
1017.2055053238344,2022.1442352954446
1017.2173874650122,2021.939590479983
1017.6578566998436,2021.9257493469754
1018.0138458656724,2021.8945142559958
1018.0172282155943,2022.1679695803473
1018.2661811849008,2022.341250912504
1017.5803279022981,2022.0564063726936
1017.5659351951041,2021.880930032736
1017.141156292095,2021.4202233073638
1017.5941458014785,2021.8830151849083
1018.0030522795731,2021.8123274958853
1018.398726377314,2021.4702387509974
1018.2810362605724,2021.487272230812
1018.3861736722766,2021.6400078220415
1017.8672597833289,2022.0383852404186
1017.4554938004306,2021.618408622444
1017.7593493041032,2021.2301014714808
1017.246821883784,2021.0282609045883
1017.1131062831977,2021.1199508901436
1017.0507170824264,2020.8433734407681
1017.1102885090509,2021.3263581307149
1016.9861766452755,2021.25129778174
1017.0913251300876,2020.68151673378
1017.0620100986544,2020.5128999758988
1016.9996957300783,2020.5989360367087
1016.5716241630299,2020.9376889568816
1016.9507990961453,2020.9185258841833
1017.2141518828602,2020.9096332796623
1017.4280190220197,2021.2246758630981
1017.2246453602701,2021.5194808577032
1017.3487440139962,2021.3523281728437
1017.0392390321042,2021.230423931356
1016.5503820025297,2021.6418730367857
1017.3546995689547,2022.121326689927
1017.5343098341917,2022.369923797989
1017.5603672068664,2021.787882434996
1017.1145065632751,2022.365674412842
1017.6042913803248,2021.9485440003837
1017.9407748633754,2021.5612521999099
1018.1394119761424,2021.3460938112655
1017.7297550929641,2021.7225686607253
1017.8067088659901,2021.7476080882418
1018.0273099116239,2021.7126455492273
1018.2902201829265,2021.5057430859274
1018.4113375808292,2021.3003081291533
1018.2292412850871,2021.6316115273553
1018.0363905472921,2021.0371300852717
1018.5135003103443,2021.440611050233
1018.7008255354012,2021.7573582486768
1019.1980295481196,2022.034378589671
1019.2321001945246,2022.3457695948064
1018.9583148142908,2022.672112557242
1019.1094710770308,2022.7062439371348
1018.8292000418198,2022.6373411698353
1018.0698885853417,2022.1316111369667
1018.0643397659239,2022.5700122788717
1017.9243166551303,2022.6105458946183
1017.6923532008431,2022.4142782776667
1018.1155269449553,2022.9780984748666
1017.8522422446235,2022.465247173454
1018.0352733223515,2022.1565712749864
1017.8700031573422,2021.800435358739
1017.8329935956522,2021.4674849393218
1018.2666967373168,2021.3310200238157
1018.5282041002472,2021.4384728273833
1018.6111888699505,2021.5681576793022
1018.3260643594319,2021.9710551718
1018.3502247979095,2022.3719391008876
1018.3864140223902,2022.5799880275163
1018.4991340457775,2022.8941891411928
1018.7544977651181,2022.6314856308154
1018.960265214281,2022.2959127710621
1018.6729174398431,2022.5824152685996
1018.8973916601011,2022.7300416979883
1019.3272678297625,2022.5473319344233
1019.5558762290482,2022.9935866495719
1019.7035918172917,2023.0871897032234
1019.8976099465348,2022.6598249210604
1019.2080147948968,2023.1664998739573
1019.5544593399393,2023.5002404841334
1020.3257238708075,2023.3784599631729
1020.1776295779061,2022.9344372144963
1020.7737537820772,2022.887150353623
1021.0750606630583,2023.1676960688164
1021.3771300648531,2022.9374415203658
1021.9135893723928,2022.8006059841473
1022.302998877404,2023.437727208678
1022.5093606017812,2023.1733879316273
1022.922577425997,2023.0291825392912
1022.2694972878375,2023.6224458567985
1022.1081362943338,2023.7483395412382
1021.901525287609,2023.719096996057
1021.6885250619314,2024.01826399892
1021.9321762742634,2024.147073347181
1021.8479654469477,2024.2799297845115
1021.607443553778,2024.4803962572596
1021.5032425730551,2024.7203979410478
1021.5874615938418,2024.6806468739146
1021.286495904665,2024.4657002897063
1021.4844281476014,2024.363538216542
1021.6874261753544,2024.6841886171187
1021.4031996171209,2025.0133497914917
1021.4151279868852,2024.2900315550253
1020.7580687985816,2024.4386710776037
1020.8930519645776,2024.5450496151286
1021.24019649618,2024.565633566107
1020.6057721817874,2024.4101255160656
1020.7746320705862,2023.9891203204115
1020.1013802398572,2023.8276862820762
1020.7843375368261,2024.203429653432
1021.1095850332129,2023.6230007629817
1020.8705916045827,2023.499625165699
1020.8987241272845,2023.0028299509472
1020.9847341966966,2023.7704829914062
1020.5213132390066,2024.0156561138579
1020.6491113220266,2023.8322025230657
1020.8190827899746,2023.7823991298237
1020.9851862358504,2024.1225550462784
1021.1987985208494,2024.5421851427234
1021.4164299996263,2024.146016853754
1021.5363685618391,2024.1291603518007
1021.6478199574543,2024.4007056586554
1021.9795598646542,2024.398020766325
1022.308440034805,2024.7442970305297
1022.5749689608693,2024.552480721017
1022.36338525272,2024.9484430527314
1022.5157596671137,2025.6101123673234
1022.4587408779562,2024.9540641469516
1022.2823099054956,2024.8457724346363
1021.6319175220531,2024.597892543048
1021.5348229638904,2025.165474654153
1021.2308463363826,2024.724254543676
1021.7998166061009,2024.7397263660075
1021.7828281305588,2025.0449531252061
1021.7874555895412,2024.915253587148
1021.6591358413912,2024.807842291872
1022.0404699811306,2024.742192142282
1022.4471705588321,2024.8054791707834
1021.9331477850202,2025.2543001991307
1022.589391070892,2025.0235246983063
1022.7255584992995,2025.379333953901
1023.2233958428525,2024.8646939479074
1023.3166716755461,2024.6485215867438
1023.0274051622341,2024.269400151708
1023.3862400212155,2024.7552276620238
1023.6690858035574,2024.5608921012079
1023.3382418521517,2024.6497902712783
1023.4104230791881,2024.1786977367815
1023.8107462836729,2024.439647338392
1024.0002223339718,2024.8389996507037
1024.4341731313812,2025.0434026317437
1024.6548828387608,2025.1794619553725
1024.630818260328,2024.8424579769828
1024.6268158355606,2024.3919038657189
1024.7326283036048,2024.2286763435357
1024.1650548958978,2024.0385653352155
1023.8733010600804,2023.371133537058
1023.7905021232277,2023.0992948256967
1023.5499874149918,2023.1421280651527
1023.7390824030867,2023.3376940509736
1024.1151673905492,2023.3479121067444
1024.0230283441501,2023.852376447539
1023.8597005602727,2023.5495270568133
1023.6064952964556,2023.6996169639065
1023.9444764537751,2023.8447629550342
1024.2023881441216,2023.8151876057143
1024.2770253637561,2024.1308541909495
1024.257145552466,2024.0182516654108
1024.6692094863902,2024.5170864341442
1024.6906335210026,2024.5853706048845
1024.7587380062414,2024.5327183287936
1024.8891318587523,2024.4304361339996
1025.0011269205595,2024.7059440695425
1025.138319911959,2024.991902066922
1024.5730308658792,2024.9359145160163
1024.6407777232896,2024.8859731203636
1024.5229392140252,2025.5211618421222
1024.8949809357637,2025.2202290170537
1025.196708585609,2024.7671963841926
1024.801843520684,2024.5121770942926
1025.1657679277805,2023.9512363444856
1025.4819355395814,2023.6553809776954
1025.4346190246515,2023.4902170599685
1025.155157206834,2023.3048702064268
1025.422133312904,2022.6825256729176
1025.2546838891253,2022.0469701870402
1025.8181203687302,2022.3491262904531
1025.8527972167306,2022.587921350613
1025.358651376289,2022.5211723329462
1025.3324362220383,2022.4488646114603
1025.1497718488972,2022.2099289308383
1025.2264468734325,2022.645108746361
1025.5473503151036,2023.3777046290795
1025.3036275974996,2023.6443790259934
1025.2616815253227,2022.9689163009896
1025.2802887270727,2022.9662683842064
1025.8113288940604,2023.3713165842394
1025.4703775987807,2023.409867890871
1025.6701828744774,2023.3750499841467
1025.4326715604502,2024.0119021052437
1025.0329663237403,2024.063454446201
1024.5464830811588,2023.834476465418
1024.4982681614106,2023.2992523929745
1024.3006023693054,2022.7544999896634
1024.5486142632076,2022.7723033107634
1024.9246061556437,2023.3878886917212
1024.8672571883449,2023.106325585109
1025.241355529072,2022.9451517823907
1025.0370700805333,2023.2541247797303
1024.7618036128702,2023.4294189876366
1024.895257292229,2023.4675943592524
1025.2956319146087,2023.3195130713302
1025.250312296037,2023.6619183005541
1025.5514824226977,2023.8459724557977
1025.5249544664202,2023.751528769153
1025.8484367077228,2024.1532998047858
1026.3633520861001,2024.158152559178
1025.835600400768,2023.688618417222
1025.6778876767573,2023.6149590600255
1026.0886086369233,2024.0807655185545
1025.8927048585776,2023.6727888446487
1025.738308500228,2023.1558956354654
1025.271421407626,2023.7576204253812
1025.3124769975188,2023.0641253438084
1025.372009646854,2023.2423086104577
1025.1139806137387,2023.496044721152
1024.8629936821528,2023.383732039854
1024.4982225344045,2023.5326086815855
1024.0300989091988,2023.727237787102
1024.7884042408925,2024.5396524569376
1025.0743045069723,2024.8845443336102
1024.4292616868363,2024.7032168524593
1024.4540180420113,2024.7777022664875
1024.410545432517,2024.7926499572038
1024.378392976698,2025.1536388130414
1024.1507775196253,2025.4534230656923
1023.8268010015042,2025.6072889742447
1023.3196161488145,2025.6705300328297
1023.0778916266802,2025.6238895212177
1023.5983905830018,2025.240771179197
1024.0621964633415,2024.7560257155021
1023.4812167661665,2024.461291242215
1023.7334570403807,2024.3903671089333
1023.5173624367297,2024.2343721885793
1023.5940720448683,2024.6423128007684
1023.9585631270766,2024.8761874676359
1023.1376349092995,2024.9965736228116
1023.1548373972992,2024.9614345195534
1023.0807769869119,2025.1741293440352
1023.2373322861263,2025.270759158025
1023.0259774890081,2024.7799136160547
1022.8702194356983,2024.3370323509384
1023.3047686353841,2024.5978587434383
1022.954536635866,2024.8738232500555
1022.9207804434377,2024.527923902721
1022.9008074924624,2024.817702938541
1023.059114259424,2025.061030666379
1022.9670683138949,2024.4947343236433
1023.2898242668542,2024.5208195500074
1023.0596855601449,2024.1495737358523
1022.6329640260176,2024.3835574019258
1022.9193932956151,2023.8762813860565
1022.985385500595,2023.6286138110547
1022.9918139017196,2023.5155012902483
1022.6190878576373,2023.6625844838422
1022.1475658830774,2023.1384136892082
1022.6535554662635,2023.4730036932226
1022.4172114574338,2023.14269219269
1022.054700776275,2022.7980114659254
1021.8676972953748,2022.54129546541
1022.0223652744054,2023.2283391458316
1022.04122083966,2022.9971428015099
1021.882015713808,2023.382845099665
1022.059786923802,2023.0133380952839
1021.8422558633929,2022.9285550387438
1022.1557264713366,2023.4905570937847
1022.2817762590505,2023.063762642871
1022.0229753961287,2023.3604588451
1021.6057260353411,2022.7925282756294
1021.5962392167478,2023.1734533482106
1021.1779852001158,2023.2024711498125
1020.5973100378345,2023.7251292079943
1021.1266055078796,2023.387008134491
1020.9704081617134,2023.331443489699
1021.16506662821,2023.2022411550515
1020.5468790885252,2023.3359067042027
1021.0315760051924,2022.8400212701517
1020.71564135398,2022.4927985201136
1020.7895597082181,2023.1017029518339
1020.9822371664807,2023.602867435198
1021.4931532477775,2023.0540117235798
1021.1351972278477,2023.3562151526096
1021.0333940516236,2022.7483447580473
1021.1361392021637,2023.2530866477011
1021.2587866519509,2023.008742396105
1021.0791253041496,2022.9963922993938
1021.0278786854063,2022.7704826892586
1020.5464533431228,2022.681289586172
1020.5061811746654,2022.6791339927881
1021.1723163041005,2023.0870933174172
1021.3595605764766,2023.0202206458946
1021.5807919078007,2022.9909310283297
1021.8154506314803,2023.4619666491533
1021.4770199214195,2023.6814086820714
1021.4337261907984,2023.4495701620958
1021.7893382533358,2023.1673706421832
1021.6947510820148,2022.8677529714046
1021.7990179761829,2022.6674067110316
1021.679137691445,2022.5961723037524
1022.1392812991377,2022.9726392478906
1022.6457269673043,2023.323988573643
1021.9074960311181,2022.984395240651
1021.8057360170478,2023.0228726483504
1021.3716195107738,2023.5425837133132
1021.3786838539161,2023.877250861
1021.5801646377708,2023.6238035894219
1020.9121082866534,2024.0300546469675
1021.0142160939013,2023.7967255362153
1020.8228307626148,2024.1730644138372
1020.7341203893476,2023.8995419085604
1021.5569786229044,2023.7732531023516
1020.9394104401267,2023.5270181166304
1020.5759733179223,2023.369506850758
1020.6406229730835,2022.746509946096
1020.6938004671504,2022.5092086087298
1020.7088624485483,2022.6726878192553
1020.3972772572826,2023.0853493470531
1020.3905059457776,2023.1337377639536
1020.5942468774587,2023.3318581760743
1020.6231436214579,2023.6304390190853
1020.5680121014971,2023.6866914097593
1020.4348050227437,2023.6273351884631
1021.0750024249311,2023.9008397771747
1020.6172680205266,2023.7403469460728
1020.2307703069206,2024.3096535687946
1020.0171837942867,2024.607780943895
1020.6389810673896,2024.2070257261935
1020.1466955722959,2024.7732517909599
1019.7846354326202,2024.4619568330766
1019.6736696246994,2024.5369524168557
1019.2045981280155,2024.6307774202003
1019.2992487488684,2024.5587590767818
1018.8033394318985,2024.3211401676579
1018.7832922337151,2024.4522030458438
1019.4912552884075,2024.2852169527514
1019.0966497191943,2023.929096032256
1019.1418197219898,2024.0411764268792
1018.9938777556303,2024.2754147301416
1019.4165308124054,2023.6529719853913
1019.9718409454648,2024.104419094914
1019.9888521619664,2024.0375885826022
1020.2227848538975,2023.5048899219923
1020.7578507481569,2023.1575513235362
1020.2036121898287,2023.1609889516228
1020.3060020591385,2022.9640624523956
1020.3754974694529,2023.0915503565568
1020.4815850425047,2023.178213958946
1020.4923453502694,2022.6355743264041
1020.2141660537603,2022.3932670646632
1020.0770590763374,2022.3557623848187
1019.9356108015462,2022.2860898824274
1019.9173860737211,2021.8433579733332
1019.7001090309092,2021.3661348272792
1019.9293255436638,2021.278994872093
1020.543403801133,2020.8455043803722
1020.4375395498186,2020.8192984097702
1020.0933706762188,2020.7125695766804
1020.4690000296243,2020.5641370815918
1020.3754015091364,2020.6202753325342
1020.5300490197125,2020.8607145995686
1020.6722215465272,2021.4344066647095
1020.7484326104651,2021.1623802699985
1020.8046391398819,2021.1368783425855
1020.610827451996,2020.882966004607
1021.0730970497821,2020.56845507901
1020.8749431780344,2020.5179502995488
1020.7448628058984,2020.3016242437216
1020.8602528390352,2019.981120601569
1020.7920810646945,2020.1210150527093
1021.0099155784642,2020.1984683700136
1021.3809161263302,2020.450217865375
1021.0937797957512,2020.3639205750067
1021.4428504444473,2020.3356101567595
1021.5332501005981,2020.3174811113809
1021.3903214356878,2020.23230221155
1021.3573011996286,2019.655926248707
1021.6842399504758,2019.9405267836614
1021.5324648724027,2020.663529503432
1021.5814231713343,2020.7135219366628
1021.4183041963807,2021.086463850185
1021.9514655335864,2021.1598325762054
1022.0340671313388,2021.3207906903156
1022.1321422170412,2021.334717006906
1022.6549965535414,2022.1320354096172
1022.5512779626655,2022.4687386897467
1022.0379658091041,2021.9881392705843
1022.0547952659263,2022.3362703853445
1021.8723336705211,2022.2008034827143
1021.5224628226515,2022.1978482851287
1021.4431602583072,2022.1868232281754
1021.4291220571986,2022.2043576026408
1021.8383146894874,2022.5960945962197
1021.77387718968,2022.8718101096547
1021.788739998616,2022.6306794282343
1021.2309123116222,2023.1359029747819
1021.4698420261118,2023.4981109305406
1021.570329192632,2023.1599150740576
1021.2681984531603,2022.6924874351605
1021.2339400817272,2022.5076744460891
1021.3907403067944,2022.3722635023144
1020.9647293044575,2021.8738129903506
1021.3682179643163,2022.2288270180427
1021.8671035121123,2021.9102248002166
1021.3140372264045,2021.4724764740718
1021.4414844959218,2021.2806147074502
1021.159656017663,2021.233150139637
1020.6437111006326,2021.1154248577113
1020.2854290939841,2021.229787692028
1019.9927040867262,2021.350309992025
1020.0759749761531,2021.1594134420009
1020.0768009177386,2021.3118374973794
1020.208966560317,2020.9112841653446
1020.0663480197314,2021.000622071538
1020.2542790071591,2020.860324103808
1020.3923251160645,2021.1988166222875
1019.9653181037042,2020.7467567912938
1019.5411034157102,2021.411622282757
1019.7332848484334,2021.4607705761039
1020.3100058549259,2021.2054886793098
1020.1883681310746,2021.5678536053226
1020.6436244332774,2021.696208911885
1020.5957580354776,2021.4767962326118
1020.1554926701161,2022.141345206593
1020.2990179579882,2021.4438471428562
1020.0417990960049,2021.4155773436378
1020.601688942362,2021.907800213589
1020.1850621515068,2022.1526647553992
1020.2720099883543,2022.2132519098961
1020.5482052876099,2022.0531435762891
1020.7195900054602,2022.2738579061786
1020.7633136396934,2022.7984139167893
1021.0525606694882,2022.8741994352865
1021.1122350807154,2022.6625390262905
1020.8385521562703,2022.5948499901053
1020.9901138016276,2022.5882351597024
1021.11045452711,2022.66607047126
1020.5793424004323,2023.1852012428997
1020.952308145699,2022.839042269174
1020.6291464492101,2022.6597473559411
1020.7305280796035,2022.5226984409583
1020.4041371338911,2022.7328613782117
1020.446492299328,2022.2305262845734
1020.2275078908596,2022.0035054219516
1019.892842051541,2021.846628476752
1020.068793908484,2021.8824750015092
1020.3591182530085,2022.4165811345836
1020.5966332557142,2022.7234431742938
1020.7567025941864,2022.4975865824852
1020.7919503461995,2022.70283376271
1020.8953292567857,2022.921246638641
1020.700323954904,2022.3662016271567
1020.8129447189746,2022.2948426054247
1020.9661150800507,2022.801311067686
1020.712230281997,2023.0917273009227
1020.3711603122288,2022.3077172551184
1020.5728366213662,2022.1839061062178
1020.5245326823131,2022.2842421458165
1020.5759342783437,2022.535189101048
1020.5366913734509,2022.877692202579
1020.6770254616515,2022.721880957899
1019.9538782223481,2022.7698257737636
1019.7351503268627,2023.206045870686
1019.3467241322832,2022.995714376989
1019.7800394929643,2023.320064673338
1020.2928528403338,2023.108135806434
1020.1725265102904,2023.3780290389022
1020.5328337403179,2023.5526779581617
1020.1832370831124,2023.0820677007596
1020.3342003413177,2023.1121965325224
1020.5870650087502,2022.7418135602782
1020.4233141340505,2022.427373368632
1020.7764333149158,2021.7996612990667
1020.3801459807295,2022.1470717720485
1020.4639753567741,2022.121573783501
1020.3087812210863,2021.8121049313438
1020.592343466458,2022.0040896844073
1019.9792714497884,2021.993589581984
1019.7852703207136,2021.3864043243486
1019.6055779467288,2022.1318691622298
1019.7279610565492,2022.129452440148
1019.4732874417505,2022.3246342134769
1019.1365387627604,2022.0542227962196
1019.2392645932943,2022.2494013214582
1019.3290972546421,2021.9597883166816
1019.4246035962899,2021.9858070813802
1019.7447981564578,2022.6370790610229
1019.51591738587,2022.9236063008434
1019.2363636083786,2022.590597891753
1019.212320575748,2022.6469648517918
1018.6342033581603,2023.141486481805
1018.3106333454313,2022.6814214556546
1017.8268337014955,2022.5501970880725
1018.0677382793555,2022.1239325269087
1017.6237754757414,2021.7951428473514
1017.8628250142226,2021.8727081034829
1018.4925945531535,2021.853042470584
1018.4495441445529,2021.3240491180995
1018.3089816756828,2021.3679945203235
1017.8707384355849,2021.1529387145406
1017.6081434621705,2021.4507436477697
1017.6552605277136,2021.3102820389634
1017.4418369871879,2020.5450532727791
1017.63371933221,2020.6654571825138
1017.4703353124028,2020.1996288147113
1017.0658437885861,2020.096194930695
1017.586898812605,2019.9963322355104
1017.0987192039892,2020.3259312278099
1016.8617546215552,2020.1741927582718
1016.8230271358657,2020.6057576361068
1016.8117919817801,2020.6349250576654
1016.7353613216529,2020.6456678100449
1016.2453964135042,2020.314088611752
1016.4195695997579,2020.6068373334892
1016.834817599798,2020.6583019699433
1016.3483306112587,2021.0963865080278
1016.4311802282076,2020.9662338861328
1016.3444951676063,2020.9510678751114
1016.9957419826209,2021.375607930378
1017.1928391413503,2021.832261056972
1017.0967141871042,2021.8183027669256
1017.2694490600265,2021.5512496856354
1016.9814748255384,2021.362833137883
1017.2226292914963,2021.6099181504478
1017.0693962440488,2022.001029941195
1017.0246609229542,2021.9784602524587
1017.3815132462274,2022.3309081514087
1017.6160312692346,2022.4019596307096
1017.6764886408533,2022.659273479339
1017.4179897947441,2022.5265750088045
1017.6873811344033,2022.9635403000138
1017.7051046594349,2022.6543616297417
1017.6654389578853,2022.9788860038907
1017.5696195832895,2023.136259701714
1017.5278889702639,2023.259911586465
1017.1942925855235,2023.444920869585
1017.184330432938,2023.5472144449063
1017.4649866297668,2023.7646262155386
1017.8803465605454,2023.9562319313934
1017.9140162143095,2023.9999177715558
1017.7412930857834,2024.1093431087777
1017.9061858961718,2023.8102266366932
1017.989704288462,2023.9701731334012
1018.3250464290245,2023.5552394973238
1018.4441219140218,2023.6587846697398
1019.0370760690404,2023.1663496440121
1018.7581278789839,2023.6061109000912
1019.35474430545,2023.5688545895607
1018.8583254869178,2023.8347917886974
1018.9287553986331,2023.5030348280595
1018.8690006640265,2024.1711665090872
1019.5253781489072,2023.8613690050902
1019.4141940480927,2023.5161732620252
1019.8717064288304,2023.3599922438011
1020.0492222541233,2023.320835606571
1020.2309488529461,2023.3762660408831
1019.9572464806098,2023.8276358930796
1020.3995391451842,2024.1477317839845
1020.7662973272993,2024.4480689259321
1020.5678713975578,2024.3980110427974
1020.531849561438,2024.0506141680432
1021.2480361324099,2024.3802220622995
1021.5906678361313,2024.4083185064644
1021.0136063490544,2024.4576613627835
1021.1090192755956,2024.464229018853
1021.2929423467361,2024.4707892728204
1021.0647664272375,2024.089165842328
1020.7911138589493,2024.3663804821158
1020.2628589463386,2024.4979840768642
1020.145665603047,2024.8516157066133
1020.1732769898879,2024.560117858858
1020.4536738801523,2024.3841363627507
1020.0981602593099,2024.2197716040175
1020.5497931150472,2024.0064479026603
1020.0848637437755,2024.3524413498712
1020.6322425769233,2023.894317497766
1020.4666301165926,2024.0745860208033
1020.9707463755504,2023.8202506312698
1021.1858650257943,2024.141783477557
1021.3271769323256,2024.7091245569168
1021.6572258048036,2025.1652192195563
1021.2159441648085,2025.0719268100627
1020.9254794881149,2024.8231955982126
1021.3058730780773,2024.2058153519843
1021.1059540747574,2024.2472234930522
1020.6000233479464,2024.3468263638474
1020.690109332595,2024.1994638189535
1020.627360990013,2024.7166510679792
1020.1076151605113,2024.6157719046782
1020.6604524579186,2024.6579517640935
1020.3475313032629,2024.812973538348
1020.071418444998,2025.053826011219
1020.4738799970506,2024.6540161377288
1020.2703645637185,2025.3122454558118
1020.5781611451539,2025.3469774132975
1021.0910762023029,2025.1997907281186
1020.9947985742231,2025.2505413725448
1020.4314189406643,2025.6921503875067
1020.6764397638677,2025.8312469675757
1020.4026245547537,2025.640278534342
1020.0719653502549,2026.0362450199962
1020.4814987140602,2026.3433882962697
1020.9836067669428,2026.710556216012
1021.0205366140253,2027.0599453284551
1020.6019721721947,2027.0660399954795
1020.6011047212909,2027.0530269679991
1020.6693532479087,2026.8717148579121
1020.7457533494551,2026.9076191927206
1021.3794837546933,2026.5351849618883
